id,first_name,last_name,email
1,Gay,Struys,gstruys0@ehow.com
2,Anderson,Spargo,aspargo1@google.es
3,Yevette,Shurman,yshurman2@jigsy.com
4,Frasquito,Pickerill,fpickerill3@usatoday.com
5,Tommie,Corstan,tcorstan4@ning.com
6,Odelinda,Turnpenny,oturnpenny5@g.co
7,Marijo,Krollmann,mkrollmann6@google.nl
8,Parry,Corkan,pcorkan7@google.it
9,Eldin,Basillon,ebasillon8@miibeian.gov.cn
10,Aindrea,Jelly,ajelly9@topsy.com
11,Curtice,Farnorth,cfarnortha@ehow.com
12,Bartholomeo,Pesak,bpesakb@zimbio.com
13,Joyan,Patley,jpatleyc@comcast.net
14,Hetty,Eicke,heicked@uiuc.edu
15,Goddard,Lanham,glanhame@imgur.com
16,Ginnie,Hull,ghullf@google.cn
17,Ferdinanda,Bertouloume,fbertouloumeg@exblog.jp
18,Brant,Paybody,bpaybodyh@unicef.org
19,Brion,Sully,bsullyi@globo.com
20,Brander,Mayhou,bmayhouj@themeforest.net
21,Helena,Hallums,hhallumsk@ft.com
22,Taite,McGaugan,tmcgauganl@nyu.edu
23,Louis,Pennycook,lpennycookm@intel.com
24,Correy,Pedreschi,cpedreschin@theguardian.com
25,Jenn,Dybald,jdybaldo@japanpost.jp
26,Pinchas,Tzar,ptzarp@oaic.gov.au
27,Desiri,Bartoleyn,dbartoleynq@wikispaces.com
28,Drugi,Unworth,dunworthr@ucsd.edu
29,Frank,Argue,fargues@t.co
30,Bevan,Creber,bcrebert@cnbc.com
31,Georgeanne,Battin,gbattinu@fastcompany.com
32,Lorne,Warcup,lwarcupv@infoseek.co.jp
33,Dorita,Libri,dlibriw@hc360.com
34,Egon,Hentzer,ehentzerx@time.com
35,Wade,Iannuzzelli,wiannuzzelliy@flickr.com
36,Rhea,Skirlin,rskirlinz@forbes.com
37,Milicent,Douch,mdouch10@ebay.co.uk
38,Westleigh,Fireman,wfireman11@taobao.com
39,Cassie,Kembry,ckembry12@noaa.gov
40,Rowe,Chiddy,rchiddy13@yahoo.co.jp
41,Tova,Ropcke,tropcke14@hubpages.com
42,Chadwick,Dummer,cdummer15@reference.com
43,Mikaela,Sterricks,msterricks16@cargocollective.com
44,Rancell,Tabour,rtabour17@google.com.hk
45,Jeramie,Gittins,jgittins18@dmoz.org
46,Casper,Altoft,caltoft19@amazon.de
47,Walton,Maile,wmaile1a@senate.gov
48,Bing,Keave,bkeave1b@umn.edu
49,Konstantine,Pinching,kpinching1c@aboutads.info
50,Monti,Ruf,mruf1d@netvibes.com
51,Fred,Cottham,fcottham1e@bloomberg.com
52,Neysa,Moffatt,nmoffatt1f@clickbank.net
53,Edgar,Gillow,egillow1g@jimdo.com
54,Benson,Headey,bheadey1h@miitbeian.gov.cn
55,Wainwright,Kingsnoad,wkingsnoad1i@rakuten.co.jp
56,Fredelia,Oneile,foneile1j@mozilla.org
57,Jessamine,Fippe,jfippe1k@cnbc.com
58,Rutter,Otterwell,rotterwell1l@google.co.jp
59,Ainslee,Jotcham,ajotcham1m@infoseek.co.jp
60,Tracey,Morcom,tmorcom1n@soundcloud.com
61,Symon,O'Connolly,soconnolly1o@surveymonkey.com
62,Colas,Bengtsson,cbengtsson1p@people.com.cn
63,Tybalt,Sewart,tsewart1q@about.com
64,Nona,Rosendorf,nrosendorf1r@bbc.co.uk
65,Glad,Petrenko,gpetrenko1s@hexun.com
66,Cheri,Shopcott,cshopcott1t@slate.com
67,Marty,Kyttor,mkyttor1u@slideshare.net
68,Brook,Brenard,bbrenard1v@squidoo.com
69,Greggory,Blanckley,gblanckley1w@devhub.com
70,Frederic,Edgley,fedgley1x@mayoclinic.com
71,Andree,Ugolini,augolini1y@disqus.com
72,Stella,Avon,savon1z@fema.gov
73,Lorettalorna,Grabham,lgrabham20@shinystat.com
74,Luca,MacCaughey,lmaccaughey21@fotki.com
75,Bogart,Swatheridge,bswatheridge22@mozilla.org
76,Jeramey,Messham,jmessham23@issuu.com
77,Ruthann,Danit,rdanit24@phpbb.com
78,Ariella,Chart,achart25@joomla.org
79,Hubey,Dixon,hdixon26@squidoo.com
80,Quincy,Stanaway,qstanaway27@paypal.com
81,Rickie,Tettley,rtettley28@si.edu
82,Damian,Craufurd,dcraufurd29@plala.or.jp
83,Darell,Kenefick,dkenefick2a@xing.com
84,Miller,Thies,mthies2b@google.com.br
85,Yalonda,O'Neill,yoneill2c@bloomberg.com
86,Zeb,Lambillion,zlambillion2d@youku.com
87,Lurette,Vannacci,lvannacci2e@merriam-webster.com
88,Leah,Goeff,lgoeff2f@is.gd
89,Reg,De Angelis,rdeangelis2g@ebay.com
90,Noel,Joseph,njoseph2h@irs.gov
91,Else,Allonby,eallonby2i@tamu.edu
92,Cynde,Conyard,cconyard2j@purevolume.com
93,Carmencita,Garvie,cgarvie2k@quantcast.com
94,Kirby,Gerhold,kgerhold2l@youtu.be
95,Dionysus,Baytrop,dbaytrop2m@technorati.com
96,Ayn,Crellim,acrellim2n@icio.us
97,Colly,Flowith,cflowith2o@shareasale.com
98,Brody,Yvon,byvon2p@boston.com
99,Kipp,Gutans,kgutans2q@typepad.com
100,Yolane,Halleybone,yhalleybone2r@aboutads.info
101,Shirline,Lile,slile2s@mediafire.com
102,Royall,Kitter,rkitter2t@mit.edu
103,Lorrie,Scrivin,lscrivin2u@msn.com
104,Verene,Paladino,vpaladino2v@jimdo.com
105,Art,Mylechreest,amylechreest2w@amazon.de
106,Olympe,Gianni,ogianni2x@ox.ac.uk
107,Halimeda,Percival,hpercival2y@upenn.edu
108,Babb,Pougher,bpougher2z@canalblog.com
109,Osbourn,Ivanusyev,oivanusyev30@ustream.tv
110,Butch,Lansdowne,blansdowne31@boston.com
111,Brenna,Liffey,bliffey32@cbslocal.com
112,Talia,Rickwood,trickwood33@skyrock.com
113,Mimi,Kettley,mkettley34@washingtonpost.com
114,Stearne,Massow,smassow35@phpbb.com
115,Hebert,Lofts,hlofts36@spiegel.de
116,Stanfield,Curley,scurley37@nationalgeographic.com
117,Kathryne,Edsall,kedsall38@list-manage.com
118,Winne,O' Mulderrig,womulderrig39@gizmodo.com
119,Keefe,Rolfini,krolfini3a@plala.or.jp
120,Rob,Beggan,rbeggan3b@msn.com
121,Nadine,Sergeaunt,nsergeaunt3c@deliciousdays.com
122,Alanah,Kelcey,akelcey3d@oaic.gov.au
123,Delmore,Comelli,dcomelli3e@tumblr.com
124,Page,Gilfoy,pgilfoy3f@hubpages.com
125,Ansel,Cheke,acheke3g@google.pl
126,Ike,Bruckshaw,ibruckshaw3h@xing.com
127,Maritsa,Akroyd,makroyd3i@redcross.org
128,Sinclare,MacMillan,smacmillan3j@unesco.org
129,Willi,Guttridge,wguttridge3k@yale.edu
130,Carlita,Whitmell,cwhitmell3l@studiopress.com
131,Rosana,Kitto,rkitto3m@youku.com
132,Sal,Gallienne,sgallienne3n@youku.com
133,Billie,Koles,bkoles3o@cnn.com
134,Astra,Severs,asevers3p@joomla.org
135,Emelen,Kenan,ekenan3q@dmoz.org
136,Desi,Pease,dpease3r@archive.org
137,Dyanna,Holliar,dholliar3s@t-online.de
138,Emmalyn,Huton,ehuton3t@nhs.uk
139,Romain,Oxenford,roxenford3u@tinyurl.com
140,Mason,Chander,mchander3v@vk.com
141,Leopold,Domke,ldomke3w@istockphoto.com
142,Slade,Ruddiforth,sruddiforth3x@netscape.com
143,Kathrine,Coolahan,kcoolahan3y@mayoclinic.com
144,Hayley,Aingel,haingel3z@mit.edu
145,Micheal,Brolly,mbrolly40@berkeley.edu
146,Calhoun,Hinrichs,chinrichs41@dedecms.com
147,Carree,Oliva,coliva42@nationalgeographic.com
148,Sterne,Mannakee,smannakee43@devhub.com
149,Cheston,Greenleaf,cgreenleaf44@surveymonkey.com
150,Cary,Chettle,cchettle45@state.gov
151,Georgeta,Orbon,gorbon46@telegraph.co.uk
152,Eleanora,Cullrford,ecullrford47@newsvine.com
153,Devy,Jodlowski,djodlowski48@php.net
154,Brocky,Ruff,bruff49@miitbeian.gov.cn
155,Der,Joskovitch,djoskovitch4a@forbes.com
156,Pascale,Filtness,pfiltness4b@google.com.br
157,Talyah,Laboune,tlaboune4c@msn.com
158,Jefferey,Gartland,jgartland4d@jimdo.com
159,Karlotte,Ralton,kralton4e@multiply.com
160,Berri,Epsly,bepsly4f@bloomberg.com
161,Noelle,Egginton,negginton4g@gizmodo.com
162,Elsinore,Devine,edevine4h@opensource.org
163,Malinde,Bridewell,mbridewell4i@newsvine.com
164,Lia,Pfeffle,lpfeffle4j@example.com
165,Randa,Branigan,rbranigan4k@bbb.org
166,Yale,Hrycek,yhrycek4l@zimbio.com
167,Blanca,Boeter,bboeter4m@wunderground.com
168,Melodie,Janouch,mjanouch4n@msn.com
169,Tabb,McAvey,tmcavey4o@senate.gov
170,Etheline,Klas,eklas4p@admin.ch
171,Carolyne,Gasticke,cgasticke4q@webs.com
172,Drusi,Ludl,dludl4r@ftc.gov
173,Dasie,Lindenbluth,dlindenbluth4s@drupal.org
174,Vernice,Redd,vredd4t@nhs.uk
175,Tracie,MacDowal,tmacdowal4u@exblog.jp
176,Palmer,Pidduck,ppidduck4v@home.pl
177,Bekki,Cockaday,bcockaday4w@forbes.com
178,Pavla,Hucquart,phucquart4x@1und1.de
179,Sunny,Khadir,skhadir4y@csmonitor.com
180,Cecil,Dominico,cdominico4z@dagondesign.com
181,Ingeberg,Crathorne,icrathorne50@nymag.com
182,Carla,Klimashevich,cklimashevich51@cdc.gov
183,Marris,Edy,medy52@odnoklassniki.ru
184,Phaedra,Points,ppoints53@earthlink.net
185,Hinda,Frears,hfrears54@ftc.gov
186,Isabel,Hasted,ihasted55@com.com
187,Herschel,Iliffe,hiliffe56@opera.com
188,Minerva,Weeds,mweeds57@hostgator.com
189,Dallon,Ashbey,dashbey58@prnewswire.com
190,Henrietta,Rotherforth,hrotherforth59@dot.gov
191,Seline,Grant,sgrant5a@arizona.edu
192,Letty,Crinidge,lcrinidge5b@cbsnews.com
193,Anastassia,Yanukhin,ayanukhin5c@mediafire.com
194,Bernelle,Joanaud,bjoanaud5d@etsy.com
195,Fayette,Daughton,fdaughton5e@naver.com
196,Vernor,Taffs,vtaffs5f@bbb.org
197,Lissi,Broscombe,lbroscombe5g@artisteer.com
198,Aviva,Mayberry,amayberry5h@who.int
199,Jacki,Oleksiak,joleksiak5i@google.co.uk
200,Sheryl,Shermar,sshermar5j@google.co.jp
201,Vera,Hazelby,vhazelby5k@google.com
202,Farrell,Dreossi,fdreossi5l@feedburner.com
203,Tamiko,Kemmey,tkemmey5m@miitbeian.gov.cn
204,Salvador,Hallard,shallard5n@webnode.com
205,Cam,Sheringham,csheringham5o@google.com.au
206,Karina,Blakiston,kblakiston5p@sogou.com
207,Gael,Pilkinton,gpilkinton5q@smh.com.au
208,Mathilde,Masarrat,mmasarrat5r@webnode.com
209,Mirna,Shotter,mshotter5s@people.com.cn
210,Marya,Pepys,mpepys5t@quantcast.com
211,Kalli,Keattch,kkeattch5u@elegantthemes.com
212,Kathe,Lasseter,klasseter5v@oakley.com
213,Cos,Moscrop,cmoscrop5w@ameblo.jp
214,Lowrance,Wetherick,lwetherick5x@si.edu
215,Nerissa,Gledhall,ngledhall5y@cbc.ca
216,Carilyn,MacFarlan,cmacfarlan5z@homestead.com
217,Mable,Mitcheson,mmitcheson60@seesaa.net
218,Granthem,Barwood,gbarwood61@goo.gl
219,Berty,Larkcum,blarkcum62@unblog.fr
220,Jarvis,Harvett,jharvett63@clickbank.net
221,Reeba,Gudd,rgudd64@nationalgeographic.com
222,Demetria,Posthill,dposthill65@yahoo.com
223,Waly,Elderfield,welderfield66@fastcompany.com
224,Beilul,Tarpey,btarpey67@people.com.cn
225,Matti,Durber,mdurber68@lulu.com
226,Huey,Denmead,hdenmead69@csmonitor.com
227,Robbyn,Melross,rmelross6a@eventbrite.com
228,Efrem,Bardey,ebardey6b@dell.com
229,Paton,Rusk,prusk6c@intel.com
230,Bebe,Roft,broft6d@google.ru
231,Tawnya,McKain,tmckain6e@omniture.com
232,Magdalene,Sokill,msokill6f@behance.net
233,Cecil,Garm,cgarm6g@angelfire.com
234,Matilde,Nawton,mnawton6h@clickbank.net
235,Sindee,Gorner,sgorner6i@linkedin.com
236,Becky,Michelmore,bmichelmore6j@yahoo.co.jp
237,Hamlen,Pawlyn,hpawlyn6k@xinhuanet.com
238,Robbert,Broske,rbroske6l@reference.com
239,Griffie,Mathias,gmathias6m@nydailynews.com
240,Avigdor,Curmi,acurmi6n@indiatimes.com
241,Burk,Bruff,bbruff6o@about.me
242,Walker,Petriello,wpetriello6p@symantec.com
243,Imojean,Caris,icaris6q@mayoclinic.com
244,Sanders,Tuhy,stuhy6r@addthis.com
245,Griffin,Sidon,gsidon6s@1und1.de
246,Bronnie,Merwede,bmerwede6t@posterous.com
247,Tallie,Serjeant,tserjeant6u@comsenz.com
248,Antone,O'Loughlin,aoloughlin6v@hp.com
249,Brittney,Roocroft,broocroft6w@craigslist.org
250,Oran,Ebbutt,oebbutt6x@yellowpages.com
251,Derron,Mar,dmar6y@forbes.com
252,Chucho,Pargiter,cpargiter6z@i2i.jp
253,Ardelia,Lavis,alavis70@nifty.com
254,Davey,Lavery,dlavery71@who.int
255,Emelia,Dionisetto,edionisetto72@phoca.cz
256,Deeanne,Coppledike,dcoppledike73@alibaba.com
257,Devi,Cairns,dcairns74@zdnet.com
258,Elvyn,Nicklinson,enicklinson75@loc.gov
259,Cati,Tallquist,ctallquist76@homestead.com
260,Hillier,Duberry,hduberry77@cloudflare.com
261,Ulrick,Burchett,uburchett78@deviantart.com
262,Gloriane,Gofton,ggofton79@alibaba.com
263,Kaycee,Hendrikse,khendrikse7a@woothemes.com
264,Rudiger,Borleace,rborleace7b@jigsy.com
265,Devland,Buxy,dbuxy7c@cnet.com
266,Towny,Firmage,tfirmage7d@discuz.net
267,Kessia,Frisdick,kfrisdick7e@cafepress.com
268,Cassy,Zotto,czotto7f@paginegialle.it
269,Juliana,Kneaphsey,jkneaphsey7g@intel.com
270,Kiersten,Faircliffe,kfaircliffe7h@blogger.com
271,Melisse,Raden,mraden7i@imgur.com
272,Audrye,Barratt,abarratt7j@discuz.net
273,Derron,Josland,djosland7k@npr.org
274,Dion,Wells,dwells7l@elegantthemes.com
275,Kristoforo,Semaine,ksemaine7m@mozilla.org
276,Darill,Lyness,dlyness7n@cbslocal.com
277,Andeee,Pittford,apittford7o@patch.com
278,Rice,Wardlow,rwardlow7p@google.co.uk
279,Vanessa,Emmett,vemmett7q@ezinearticles.com
280,Jannel,Barttrum,jbarttrum7r@foxnews.com
281,Stanley,Truckell,struckell7s@msu.edu
282,Corrie,Tonkin,ctonkin7t@ehow.com
283,Arabela,Taylder,ataylder7u@com.com
284,Tucky,Buye,tbuye7v@biblegateway.com
285,Valerye,Petto,vpetto7w@bbc.co.uk
286,Philippe,Tann,ptann7x@bluehost.com
287,Niko,Beardsley,nbeardsley7y@virginia.edu
288,Clerissa,Cahalan,ccahalan7z@taobao.com
289,Renaldo,Gianilli,rgianilli80@blogspot.com
290,Bartholomeo,Kohn,bkohn81@unesco.org
291,Clare,MacRierie,cmacrierie82@rakuten.co.jp
292,Aharon,Thurman,athurman83@blogger.com
293,Adair,O'Riordan,aoriordan84@1688.com
294,Jamill,Dawidowicz,jdawidowicz85@etsy.com
295,Lilah,Tick,ltick86@answers.com
296,Rasla,Theis,rtheis87@senate.gov
297,Melonie,Kienzle,mkienzle88@rakuten.co.jp
298,Susanetta,Ingarfill,singarfill89@sciencedaily.com
299,Briana,Corner,bcorner8a@bbc.co.uk
300,Dan,Waterhous,dwaterhous8b@feedburner.com
301,Duky,Pittwood,dpittwood8c@upenn.edu
302,Filippa,Godlip,fgodlip8d@aboutads.info
303,Garnette,Crufts,gcrufts8e@wikimedia.org
304,Emmet,Greatorex,egreatorex8f@prnewswire.com
305,Clarance,Shepstone,cshepstone8g@usda.gov
306,Patin,Tinsley,ptinsley8h@sbwire.com
307,Becca,Remmers,bremmers8i@phpbb.com
308,Kimbell,Vassman,kvassman8j@lulu.com
309,Ignatius,Denacamp,idenacamp8k@posterous.com
310,Graham,Salzberg,gsalzberg8l@nasa.gov
311,Falkner,Spaldin,fspaldin8m@tinyurl.com
312,Antonin,Newlin,anewlin8n@chronoengine.com
313,Emelia,McGall,emcgall8o@zimbio.com
314,Enriqueta,Bleaden,ebleaden8p@free.fr
315,Mehetabel,Touson,mtouson8q@deliciousdays.com
316,Chrissy,Housecraft,chousecraft8r@noaa.gov
317,Gabriel,Maple,gmaple8s@gravatar.com
318,Giffard,Baroch,gbaroch8t@360.cn
319,Sauveur,Geke,sgeke8u@privacy.gov.au
320,Melantha,Thornley,mthornley8v@sourceforge.net
321,Fawnia,Reicharz,freicharz8w@usnews.com
322,Millicent,Yvon,myvon8x@squidoo.com
323,Deva,Goodwin,dgoodwin8y@archive.org
324,Jandy,Montague,jmontague8z@ycombinator.com
325,Leah,Pruvost,lpruvost90@usda.gov
326,Bidget,Brosenius,bbrosenius91@hp.com
327,Valry,Peotz,vpeotz92@netscape.com
328,Glenna,Newis,gnewis93@hhs.gov
329,Nissy,Cappleman,ncappleman94@hatena.ne.jp
330,Hakeem,Nayer,hnayer95@google.co.uk
331,Dell,Willmot,dwillmot96@globo.com
332,Dore,De Cruce,ddecruce97@bbb.org
333,Marline,Giraudel,mgiraudel98@instagram.com
334,Roselle,Ferretti,rferretti99@joomla.org
335,Ardys,McCurt,amccurt9a@zdnet.com
336,Mirelle,Govenlock,mgovenlock9b@t.co
337,Patti,Paddle,ppaddle9c@sitemeter.com
338,Berte,Swateridge,bswateridge9d@lycos.com
339,Onfroi,Billiard,obilliard9e@biblegateway.com
340,Stephannie,Grinyov,sgrinyov9f@paginegialle.it
341,Louise,Boldry,lboldry9g@dropbox.com
342,Shay,Yakebovich,syakebovich9h@disqus.com
343,Ravi,Van Salzberger,rvansalzberger9i@paginegialle.it
344,Melli,Phythean,mphythean9j@pbs.org
345,Dolores,Taffie,dtaffie9k@pagesperso-orange.fr
346,Tad,Somerset,tsomerset9l@icio.us
347,Olivier,Birnie,obirnie9m@deviantart.com
348,Roseanna,Hartshorn,rhartshorn9n@blogtalkradio.com
349,Heywood,Wyre,hwyre9o@house.gov
350,Brant,Beddis,bbeddis9p@google.co.jp
351,Kathlin,Twiggins,ktwiggins9q@ow.ly
352,Sherwin,Agneau,sagneau9r@wikimedia.org
353,Burk,Conring,bconring9s@theglobeandmail.com
354,Caril,Stemson,cstemson9t@mapy.cz
355,Bonnie,Beamont,bbeamont9u@nifty.com
356,Ernst,Huikerby,ehuikerby9v@linkedin.com
357,Alisha,Fursey,afursey9w@artisteer.com
358,Hazlett,Pantone,hpantone9x@lycos.com
359,Keely,Skeemer,kskeemer9y@prweb.com
360,Rinaldo,Corpes,rcorpes9z@techcrunch.com
361,Wallie,Mc Mechan,wmcmechana0@loc.gov
362,Harriott,Amesbury,hamesburya1@unblog.fr
363,Vernor,Blackater,vblackatera2@seattletimes.com
364,Cherry,Crutchfield,ccrutchfielda3@sciencedaily.com
365,Alan,Brundall,abrundalla4@answers.com
366,Mill,Evesque,mevesquea5@hao123.com
367,Darcee,Raecroft,draecrofta6@weather.com
368,Emilia,Barbe,ebarbea7@umich.edu
369,Symon,Mandell,smandella8@msn.com
370,Marti,Dacey,mdaceya9@domainmarket.com
371,Norry,Victor,nvictoraa@sfgate.com
372,Celine,Jennrich,cjennrichab@timesonline.co.uk
373,Maximo,Daughtry,mdaughtryac@posterous.com
374,Tyson,Bick,tbickad@cyberchimps.com
375,Michaelina,Kach,mkachae@addtoany.com
376,Tedra,Edmonston,tedmonstonaf@unblog.fr
377,Rozella,Bernardos,rbernardosag@tamu.edu
378,Selestina,O'Crotty,socrottyah@drupal.org
379,Iona,Fieldhouse,ifieldhouseai@vinaora.com
380,Selig,Garett,sgarettaj@latimes.com
381,Walsh,Camosso,wcamossoak@umn.edu
382,Livvie,Cocozza,lcocozzaal@earthlink.net
383,Erny,Dymick,edymickam@admin.ch
384,Lucia,Caris,lcarisan@exblog.jp
385,Nyssa,Somerfield,nsomerfieldao@loc.gov
386,Kilian,Terrans,kterransap@telegraph.co.uk
387,Eben,Garden,egardenaq@samsung.com
388,Charlene,de Keyser,cdekeyserar@diigo.com
389,Richy,Ketton,rkettonas@nih.gov
390,Steffie,Backshaw,sbackshawat@wired.com
391,Rickie,McMennum,rmcmennumau@github.io
392,Padget,Dauncey,pdaunceyav@ask.com
393,Terry,Ferras,tferrasaw@columbia.edu
394,Goddard,Ralls,grallsax@wikispaces.com
395,Haven,Tranter,htranteray@tiny.cc
396,Vicki,Meak,vmeakaz@homestead.com
397,Estella,Tumielli,etumiellib0@squidoo.com
398,Benedicta,Turbitt,bturbittb1@boston.com
399,Miquela,Harman,mharmanb2@purevolume.com
400,Saundra,McOwen,smcowenb3@slashdot.org
401,Chantal,Spowage,cspowageb4@yandex.ru
402,Ester,Loy,eloyb5@uiuc.edu
403,Frieda,Guillotin,fguillotinb6@acquirethisname.com
404,Corly,Dymick,cdymickb7@behance.net
405,Karina,Biesty,kbiestyb8@sourceforge.net
406,Rollie,Eytel,reytelb9@flickr.com
407,Flore,Davidesco,fdavidescoba@bloglines.com
408,Nadine,Duley,nduleybb@state.gov
409,Amalie,Bottrell,abottrellbc@deviantart.com
410,Gerik,Heindrich,gheindrichbd@jigsy.com
411,Leighton,Prangley,lprangleybe@yandex.ru
412,Sean,Dooley,sdooleybf@flavors.me
413,Angelico,Broke,abrokebg@bloglovin.com
414,Norbie,Wittke,nwittkebh@twitpic.com
415,Kacie,Tomasz,ktomaszbi@youtu.be
416,Sanford,Vittori,svittoribj@goo.ne.jp
417,Brit,Hissett,bhissettbk@comcast.net
418,Kat,Kondrat,kkondratbl@businesswire.com
419,Mildrid,Larkworthy,mlarkworthybm@rambler.ru
420,Parke,McFadin,pmcfadinbn@salon.com
421,Johannes,Nicklinson,jnicklinsonbo@oakley.com
422,Egan,Hurle,ehurlebp@yellowbook.com
423,Matty,Dilkes,mdilkesbq@biglobe.ne.jp
424,Feodora,Dyke,fdykebr@list-manage.com
425,Kariotta,Canter,kcanterbs@chicagotribune.com
426,Weston,Linham,wlinhambt@walmart.com
427,Willette,Critch,wcritchbu@constantcontact.com
428,Flora,Hischke,fhischkebv@salon.com
429,Sutherland,Bessant,sbessantbw@soundcloud.com
430,Julee,Geharke,jgeharkebx@sogou.com
431,Emmalynne,Tabb,etabbby@123-reg.co.uk
432,Griff,Rance,grancebz@xrea.com
433,Klara,Pellamonuten,kpellamonutenc0@blogspot.com
434,Titus,Mableson,tmablesonc1@webnode.com
435,Nicky,Keddy,nkeddyc2@virginia.edu
436,Terri,Umbers,tumbersc3@rambler.ru
437,Ranique,Creebo,rcreeboc4@cdbaby.com
438,Sarajane,Sidwick,ssidwickc5@gravatar.com
439,Marylee,Kauble,mkaublec6@slate.com
440,Malcolm,Rizzini,mrizzinic7@economist.com
441,Dominic,Pirozzi,dpirozzic8@jimdo.com
442,Julian,Hanse,jhansec9@cpanel.net
443,Art,Zavattero,azavatteroca@marketwatch.com
444,Isabelita,Bonn,ibonncb@privacy.gov.au
445,Melony,Nottingham,mnottinghamcc@merriam-webster.com
446,Lauryn,Cathrall,lcathrallcd@studiopress.com
447,Rae,Webley,rwebleyce@guardian.co.uk
448,Reidar,Annesley,rannesleycf@meetup.com
449,Zorana,Troctor,ztroctorcg@vk.com
450,Garek,Blesing,gblesingch@uiuc.edu
451,Shara,Mattock,smattockci@cyberchimps.com
452,Johnathan,Roskelly,jroskellycj@guardian.co.uk
453,Melisande,Churchard,mchurchardck@dagondesign.com
454,Ronnica,Paulin,rpaulincl@goo.gl
455,Tibold,Stinson,tstinsoncm@google.it
456,Gerta,Corgenvin,gcorgenvincn@aol.com
457,Kimmi,Yushmanov,kyushmanovco@wiley.com
458,Datha,Grinov,dgrinovcp@mac.com
459,Sigfrid,Abate,sabatecq@aboutads.info
460,Tremayne,Ricardin,tricardincr@usa.gov
461,Elberta,Huxley,ehuxleycs@auda.org.au
462,Johnny,Bernet,jbernetct@artisteer.com
463,Jaye,Grumbridge,jgrumbridgecu@topsy.com
464,Frederic,Tremonte,ftremontecv@wisc.edu
465,Reuven,Bamb,rbambcw@nih.gov
466,Alane,Butfield,abutfieldcx@dailymail.co.uk
467,Catha,Chamberlayne,cchamberlaynecy@cargocollective.com
468,Berkly,Drioli,bdriolicz@twitpic.com
469,Lorene,Paffley,lpaffleyd0@amazonaws.com
470,Jacqui,Kubasek,jkubasekd1@wix.com
471,Benetta,Kment,bkmentd2@goodreads.com
472,Cordelie,Phillcock,cphillcockd3@chicagotribune.com
473,Nikita,Shearstone,nshearstoned4@hud.gov
474,Mala,Grigorio,mgrigoriod5@youku.com
475,Haze,Tramel,htrameld6@ebay.com
476,Natasha,Waddup,nwaddupd7@themeforest.net
477,Farah,Lescop,flescopd8@mayoclinic.com
478,Thelma,Castagna,tcastagnad9@xing.com
479,Latia,Petzold,lpetzoldda@1und1.de
480,Trisha,Emer,temerdb@economist.com
481,Kailey,Bowlesworth,kbowlesworthdc@nymag.com
482,Kippie,Pilsworth,kpilsworthdd@issuu.com
483,Chick,Kach,ckachde@jalbum.net
484,Cherice,Bugg,cbuggdf@independent.co.uk
485,Iain,Schonfeld,ischonfelddg@independent.co.uk
486,Alison,Ridgeway,aridgewaydh@technorati.com
487,Diego,Easeman,deasemandi@eepurl.com
488,Bibby,Coping,bcopingdj@mac.com
489,Merissa,Petroulis,mpetroulisdk@senate.gov
490,Cherie,Vasyagin,cvasyagindl@utexas.edu
491,Gretal,Headingham,gheadinghamdm@apple.com
492,Mia,Exposito,mexpositodn@histats.com
493,Ardenia,Franies,afraniesdo@google.it
494,Edee,Bisson,ebissondp@huffingtonpost.com
495,Dore,Statton,dstattondq@jimdo.com
496,Johnathan,Dando,jdandodr@spotify.com
497,Galina,Ferreo,gferreods@indiegogo.com
498,Ludovika,Grishaev,lgrishaevdt@bbb.org
499,Torr,Celli,tcellidu@census.gov
500,Allen,Finkle,afinkledv@wordpress.com
501,Niven,McKane,nmckanedw@cnbc.com
502,Gabriel,Furze,gfurzedx@elpais.com
503,Annissa,Dales,adalesdy@elpais.com
504,Lorilee,Lillistone,llillistonedz@ca.gov
505,Maritsa,Kittless,mkittlesse0@wired.com
506,Eden,Gyver,egyvere1@oracle.com
507,Ruby,Windibank,rwindibanke2@behance.net
508,Forest,Curnock,fcurnocke3@washington.edu
509,Agnella,Lathee,alatheee4@disqus.com
510,Flori,Durrance,fdurrancee5@addthis.com
511,Constantia,Ellington,cellingtone6@sogou.com
512,Ashley,Tidball,atidballe7@mlb.com
513,Tan,Alvarado,talvaradoe8@webeden.co.uk
514,Brewster,D'Avaux,bdavauxe9@earthlink.net
515,Irina,Staneland,istanelandea@unblog.fr
516,Jesus,Dorrance,jdorranceeb@oaic.gov.au
517,Tye,Flicker,tflickerec@xing.com
518,Raquel,Whitehorn,rwhitehorned@sina.com.cn
519,Fax,Kilfedder,fkilfedderee@hud.gov
520,Brenda,Cobbing,bcobbingef@cbsnews.com
521,Brina,Grinval,bgrinvaleg@cam.ac.uk
522,Giulietta,Bonwell,gbonwelleh@nydailynews.com
523,Allene,Berston,aberstonei@cdc.gov
524,Laird,Restill,lrestillej@mozilla.com
525,Rourke,Ubach,rubachek@reference.com
526,Kendricks,Heathwood,kheathwoodel@netlog.com
527,Denney,Markussen,dmarkussenem@acquirethisname.com
528,Woodrow,Bigley,wbigleyen@facebook.com
529,Conn,Cheson,cchesoneo@newyorker.com
530,Daisie,Satteford,dsattefordep@china.com.cn
531,Frannie,Borne,fborneeq@xinhuanet.com
532,Sterne,Grigsby,sgrigsbyer@jiathis.com
533,Calhoun,Philpott,cphilpottes@forbes.com
534,Jolynn,Dodsworth,jdodsworthet@photobucket.com
535,Nev,McCathie,nmccathieeu@mediafire.com
536,Karleen,Westmacott,kwestmacottev@guardian.co.uk
537,Nerti,Creaney,ncreaneyew@sogou.com
538,Timoteo,Fontell,tfontellex@clickbank.net
539,Selle,Peddowe,speddoweey@miitbeian.gov.cn
540,Claudelle,Greenstock,cgreenstockez@tiny.cc
541,Noella,Gwyn,ngwynf0@deliciousdays.com
542,Wat,Thomkins,wthomkinsf1@va.gov
543,Vivi,Churchward,vchurchwardf2@walmart.com
544,Annelise,Apdell,aapdellf3@people.com.cn
545,Dane,Abela,dabelaf4@tinyurl.com
546,Wilton,Jehan,wjehanf5@wisc.edu
547,Thaddeus,Ash,tashf6@rediff.com
548,Bell,Balke,bbalkef7@springer.com
549,Herculie,Kendred,hkendredf8@about.com
550,Katuscha,Vardon,kvardonf9@hugedomains.com
551,Marybeth,Bourbon,mbourbonfa@netvibes.com
552,Cacilia,Heighton,cheightonfb@qq.com
553,Cosmo,Theobald,ctheobaldfc@wp.com
554,Malinde,Mourton,mmourtonfd@boston.com
555,Wendy,Pitsall,wpitsallfe@skyrock.com
556,Sherwynd,Simone,ssimoneff@weather.com
557,Geri,Francom,gfrancomfg@apple.com
558,Bogart,Hansell,bhansellfh@abc.net.au
559,Artur,Coggen,acoggenfi@vinaora.com
560,Packston,Harlowe,pharlowefj@tamu.edu
561,Trev,Lorenz,tlorenzfk@craigslist.org
562,Janel,Toun,jtounfl@buzzfeed.com
563,Rhianon,Headingham,rheadinghamfm@github.io
564,Ruperto,Doble,rdoblefn@virginia.edu
565,Sherie,Waith,swaithfo@hostgator.com
566,Andriana,Jewers,ajewersfp@army.mil
567,Jessee,Cottrill,jcottrillfq@go.com
568,Quinta,Forst,qforstfr@washingtonpost.com
569,Beverley,Kroin,bkroinfs@wp.com
570,Bekki,Postlewhite,bpostlewhiteft@ifeng.com
571,Matilda,Copson,mcopsonfu@cbslocal.com
572,Vivia,Mathelon,vmathelonfv@google.com.au
573,Fionnula,Honisch,fhonischfw@hc360.com
574,Cindra,Lindblad,clindbladfx@merriam-webster.com
575,Aguistin,Ohrt,aohrtfy@bluehost.com
576,Benji,Igoe,bigoefz@tuttocitta.it
577,Joeann,Cullen,jculleng0@51.la
578,Mariana,Shanklin,mshankling1@narod.ru
579,Currey,Petrasek,cpetrasekg2@vinaora.com
580,Paola,Rowberry,prowberryg3@amazon.co.jp
581,Aloysius,Dudenie,adudenieg4@diigo.com
582,Broddie,Karpmann,bkarpmanng5@indiegogo.com
583,Lenka,Gravestone,lgravestoneg6@apache.org
584,Bartholemy,Aberkirder,baberkirderg7@xrea.com
585,Lothaire,Lesurf,llesurfg8@chron.com
586,Galvan,Evins,gevinsg9@wordpress.com
587,Vally,Maryott,vmaryottga@adobe.com
588,Ellen,Vasyuchov,evasyuchovgb@biblegateway.com
589,Hedi,Copnar,hcopnargc@soup.io
590,Billy,Rimmington,brimmingtongd@imgur.com
591,Beatrix,Marieton,bmarietonge@vistaprint.com
592,Hyacintha,Lannon,hlannongf@samsung.com
593,Tammie,Ateggart,tateggartgg@blogger.com
594,Taylor,Balassi,tbalassigh@squarespace.com
595,Judie,Tomlin,jtomlingi@pen.io
596,Aryn,Kanter,akantergj@nba.com
597,Jarad,Brigden,jbrigdengk@thetimes.co.uk
598,Hewett,Leese,hleesegl@so-net.ne.jp
599,Peirce,Bengtsson,pbengtssongm@w3.org
600,Amata,Carl,acarlgn@narod.ru
601,Tate,Celiz,tcelizgo@twitpic.com
602,Jarvis,Giannasi,jgiannasigp@salon.com
603,Shep,Gages,sgagesgq@bloglovin.com
604,Shay,Rohlf,srohlfgr@cloudflare.com
605,Forrester,Tarbath,ftarbathgs@army.mil
606,Dollie,Timothy,dtimothygt@dion.ne.jp
607,See,Thynn,sthynngu@1688.com
608,Prudi,Boagey,pboageygv@networkadvertising.org
609,Nana,D'Costa,ndcostagw@rediff.com
610,Fran,Barosch,fbaroschgx@businessweek.com
611,Tani,Meers,tmeersgy@pagesperso-orange.fr
612,Gregorius,Kings,gkingsgz@exblog.jp
613,Selle,Fortnon,sfortnonh0@vistaprint.com
614,Elberta,Labrum,elabrumh1@accuweather.com
615,Erhart,Painter,epainterh2@arizona.edu
616,Nonie,Greer,ngreerh3@columbia.edu
617,Sheppard,Pulham,spulhamh4@huffingtonpost.com
618,Armand,Clowton,aclowtonh5@springer.com
619,Molli,Strongitharm,mstrongitharmh6@moonfruit.com
620,Hanan,Crotch,hcrotchh7@webs.com
621,Doralynn,Culver,dculverh8@i2i.jp
622,Rustin,Puddefoot,rpuddefooth9@fda.gov
623,Thayne,Lloyds,tlloydsha@mashable.com
624,Boris,Chomicki,bchomickihb@google.ca
625,Mort,Tesimon,mtesimonhc@hao123.com
626,Georgianne,Cornels,gcornelshd@desdev.cn
627,Eydie,Mackieson,emackiesonhe@sitemeter.com
628,Andria,Nutbean,anutbeanhf@blogspot.com
629,Mellie,Peedell,mpeedellhg@mysql.com
630,Hedvige,Van der Baaren,hvanderbaarenhh@forbes.com
631,Tudor,Cattermole,tcattermolehi@de.vu
632,Lucila,Fuente,lfuentehj@youtube.com
633,Carey,Mytton,cmyttonhk@ibm.com
634,Lillian,Mussetti,lmussettihl@independent.co.uk
635,Alyss,Currington,acurringtonhm@youtube.com
636,Michaella,Christal,mchristalhn@shutterfly.com
637,Rhodia,Copin,rcopinho@umn.edu
638,Emmie,Habeshaw,ehabeshawhp@npr.org
639,Brook,Canton,bcantonhq@hp.com
640,Denys,Boot,dboothr@digg.com
641,Eadie,Pettigree,epettigreehs@deviantart.com
642,Skylar,Fyrth,sfyrthht@prweb.com
643,Keelby,Kunz,kkunzhu@narod.ru
644,Sutherlan,Newbury,snewburyhv@uol.com.br
645,Lyndel,Shimony,lshimonyhw@youtube.com
646,Lorita,Bartod,lbartodhx@privacy.gov.au
647,Grange,McGruar,gmcgruarhy@examiner.com
648,Rickard,Josskoviz,rjosskovizhz@bloomberg.com
649,Betty,Grix,bgrixi0@elegantthemes.com
650,Eleanore,Fardoe,efardoei1@businessinsider.com
651,Werner,Boodle,wboodlei2@people.com.cn
652,Willabella,Baptista,wbaptistai3@list-manage.com
653,Iain,Galley,igalleyi4@goo.gl
654,Sansone,Mably,smablyi5@cisco.com
655,Guillermo,Lehrle,glehrlei6@gizmodo.com
656,Clement,Storm,cstormi7@flavors.me
657,Alard,Petican,apeticani8@cafepress.com
658,Inger,Hutchinson,ihutchinsoni9@nbcnews.com
659,Eldon,McCumskay,emccumskayia@npr.org
660,Doralynne,Le Guin,dleguinib@vk.com
661,Artemas,Myderscough,amyderscoughic@un.org
662,Julissa,Butterley,jbutterleyid@google.ru
663,Nancey,Fawthrop,nfawthropie@google.de
664,Alethea,Andrea,aandreaif@blog.com
665,Franciskus,Wagon,fwagonig@delicious.com
666,Christoper,Peasby,cpeasbyih@drupal.org
667,Arne,Jewess,ajewessii@bloglovin.com
668,Ines,Dungate,idungateij@bigcartel.com
669,Arel,Raine,araineik@addtoany.com
670,Mart,Dewdney,mdewdneyil@shareasale.com
671,Margette,Toffolo,mtoffoloim@harvard.edu
672,Pris,Knellen,pknellenin@soup.io
673,Trever,Burgett,tburgettio@earthlink.net
674,Kerrie,Baldry,kbaldryip@privacy.gov.au
675,Giovanni,Frodsam,gfrodsamiq@comsenz.com
676,Larine,Jaynes,ljaynesir@mayoclinic.com
677,Kara-lynn,Rosson,krossonis@biglobe.ne.jp
678,Armando,Record,arecordit@tinypic.com
679,Stacey,Somersett,ssomersettiu@php.net
680,Martica,Clemont,mclemontiv@sun.com
681,Bastien,Maddison,bmaddisoniw@ucsd.edu
682,Caspar,Cunnington,ccunningtonix@businessweek.com
683,Abraham,Reddle,areddleiy@people.com.cn
684,Eldin,Mitcheson,emitchesoniz@cbslocal.com
685,Rikki,Spaule,rspaulej0@baidu.com
686,Boyce,De la croix,bdelacroixj1@sfgate.com
687,Teresa,Mabbutt,tmabbuttj2@people.com.cn
688,Lannie,Batchan,lbatchanj3@telegraph.co.uk
689,Buddie,Lomb,blombj4@ameblo.jp
690,Seamus,Abbiss,sabbissj5@loc.gov
691,Derward,Sycamore,dsycamorej6@mysql.com
692,Alexine,Grigor,agrigorj7@hc360.com
693,Lonny,Pipkin,lpipkinj8@lycos.com
694,Rosmunda,Skiggs,rskiggsj9@smugmug.com
695,Joy,Crowley,jcrowleyja@hugedomains.com
696,Bevin,Cohen,bcohenjb@edublogs.org
697,Marven,Garnham,mgarnhamjc@bravesites.com
698,Wilbur,Bolan,wbolanjd@ask.com
699,Maria,Mebes,mmebesje@naver.com
700,Nicola,Worsalls,nworsallsjf@jimdo.com
701,Hettie,Jedras,hjedrasjg@who.int
702,Chrotoem,Bicker,cbickerjh@ox.ac.uk
703,Christie,Hunt,chuntji@uiuc.edu
704,Robena,Scurr,rscurrjj@diigo.com
705,Elisha,Baudin,ebaudinjk@constantcontact.com
706,Eli,Lockery,elockeryjl@netvibes.com
707,Bealle,Scading,bscadingjm@jalbum.net
708,Arel,Croxley,acroxleyjn@surveymonkey.com
709,Yvon,Sultan,ysultanjo@examiner.com
710,Allin,Bilborough,abilboroughjp@i2i.jp
711,Carmine,Fort,cfortjq@uiuc.edu
712,Franzen,Ravenshaw,fravenshawjr@irs.gov
713,Augustine,Poel,apoeljs@wordpress.com
714,Felicity,Godmer,fgodmerjt@opera.com
715,Iris,Benedict,ibenedictju@amazon.com
716,Tuesday,Mellon,tmellonjv@sogou.com
717,Trumaine,Norssister,tnorssisterjw@4shared.com
718,Fletcher,Lauks,flauksjx@nifty.com
719,Saree,Kenson,skensonjy@pen.io
720,Maryann,Wileman,mwilemanjz@dell.com
721,Leif,Tarplee,ltarpleek0@shop-pro.jp
722,Merissa,Udale,mudalek1@rambler.ru
723,Nan,Heyfield,nheyfieldk2@ow.ly
724,Linell,Gambell,lgambellk3@newyorker.com
725,Mandy,Goldston,mgoldstonk4@bloglines.com
726,Amber,Dollman,adollmank5@youtu.be
727,Dirk,Akid,dakidk6@123-reg.co.uk
728,Morgan,Mably,mmablyk7@php.net
729,Harlin,Joburn,hjoburnk8@cmu.edu
730,Hugues,Larciere,hlarcierek9@yahoo.co.jp
731,Roselin,Jeandel,rjeandelka@dell.com
732,Pauli,Chatenier,pchatenierkb@comcast.net
733,Klarrisa,Semper,ksemperkc@google.nl
734,Leslie,Tiffney,ltiffneykd@microsoft.com
735,Minette,Coltherd,mcoltherdke@1und1.de
736,Lacy,McColm,lmccolmkf@dyndns.org
737,Perla,Mousby,pmousbykg@soundcloud.com
738,Mona,Seeley,mseeleykh@flickr.com
739,Worden,Godlip,wgodlipki@mysql.com
740,Coreen,Ringwood,cringwoodkj@delicious.com
741,Francklyn,Philipart,fphilipartkk@etsy.com
742,Hugues,Ruddiforth,hruddiforthkl@businessinsider.com
743,Meg,Dallas,mdallaskm@home.pl
744,Michele,Hain,mhainkn@dell.com
745,Archambault,Pipe,apipeko@sun.com
746,Ted,Hubbert,thubbertkp@shinystat.com
747,Savina,Meugens,smeugenskq@flavors.me
748,Blondelle,Reinbech,breinbechkr@vkontakte.ru
749,Jamesy,Stocker,jstockerks@umich.edu
750,Helen-elizabeth,Doyley,hdoyleykt@scribd.com
751,Dav,Mallalieu,dmallalieuku@state.tx.us
752,Aleksandr,McSorley,amcsorleykv@networkadvertising.org
753,Cassondra,Bridywater,cbridywaterkw@google.pl
754,Nancee,Goodbanne,ngoodbannekx@who.int
755,Arleta,Le Guin,aleguinky@constantcontact.com
756,Deanna,Spillane,dspillanekz@behance.net
757,Jonah,Debling,jdeblingl0@abc.net.au
758,Amandi,Favel,afavell1@accuweather.com
759,Osborne,Aujean,oaujeanl2@economist.com
760,Beverlee,Ellcome,bellcomel3@youtube.com
761,Dalila,Dundendale,ddundendalel4@google.fr
762,Denys,Vedishchev,dvedishchevl5@springer.com
763,Mohandas,Halewood,mhalewoodl6@usgs.gov
764,Richmound,Gelling,rgellingl7@furl.net
765,Zacharie,Sanford,zsanfordl8@thetimes.co.uk
766,Kyle,Vivians,kviviansl9@ox.ac.uk
767,Nicol,Blasli,nblaslila@ucla.edu
768,Kendrick,Plait,kplaitlb@bravesites.com
769,Celina,Gethin,cgethinlc@sfgate.com
770,Keefe,Coupman,kcoupmanld@howstuffworks.com
771,Elbert,Peet,epeetle@digg.com
772,Madonna,Mockes,mmockeslf@chicagotribune.com
773,Allard,Pfeffel,apfeffellg@barnesandnoble.com
774,Bone,Rosettini,brosettinilh@studiopress.com
775,Link,Tommaseo,ltommaseoli@psu.edu
776,Neille,Yellowlees,nyellowleeslj@amazonaws.com
777,Marvin,O' Culligan,moculliganlk@shinystat.com
778,Crystie,Luckett,cluckettll@gov.uk
779,Toiboid,Curgenven,tcurgenvenlm@ed.gov
780,Britt,Ratter,bratterln@narod.ru
781,Ranee,Beadell,rbeadelllo@mayoclinic.com
782,Elyse,Keyme,ekeymelp@ow.ly
783,Correy,McCormick,cmccormicklq@oracle.com
784,Tiphani,Teece,tteecelr@usa.gov
785,Tiena,Potkin,tpotkinls@answers.com
786,Janean,Sheppard,jsheppardlt@hatena.ne.jp
787,Dougie,Rowlands,drowlandslu@toplist.cz
788,Gianna,Franklen,gfranklenlv@timesonline.co.uk
789,Andy,Stapleton,astapletonlw@indiatimes.com
790,Odetta,Soppett,osoppettlx@webmd.com
791,Gottfried,Miguet,gmiguetly@amazon.co.jp
792,Calla,Costall,ccostalllz@apache.org
793,Granny,Natwick,gnatwickm0@t.co
794,Giulia,Barbera,gbarberam1@nps.gov
795,Westbrooke,Sleet,wsleetm2@addthis.com
796,Estrella,Newbold,enewboldm3@ezinearticles.com
797,Terence,Fenich,tfenichm4@auda.org.au
798,Brok,Jacobowits,bjacobowitsm5@moonfruit.com
799,Dasya,Radband,dradbandm6@washington.edu
800,Archibald,Osmond,aosmondm7@ucoz.ru
801,Celestina,Rockey,crockeym8@github.io
802,Kali,Warlawe,kwarlawem9@networksolutions.com
803,Barbara-anne,Strawbridge,bstrawbridgema@engadget.com
804,Keefe,Simmance,ksimmancemb@aol.com
805,Wynn,Gaylard,wgaylardmc@nps.gov
806,Homerus,Absolom,habsolommd@cornell.edu
807,Bernadette,Oakhill,boakhillme@who.int
808,Elga,Stiggles,estigglesmf@webnode.com
809,Charlene,Jakeway,cjakewaymg@ucoz.ru
810,Davida,Salla,dsallamh@yelp.com
811,Deck,Bolstridge,dbolstridgemi@shutterfly.com
812,Dre,Thew,dthewmj@dot.gov
813,Courtnay,Cajkler,ccajklermk@foxnews.com
814,Murry,Spatig,mspatigml@businessweek.com
815,Nancy,Skey,nskeymm@hostgator.com
816,Larissa,Breward,lbrewardmn@un.org
817,Christen,Ivashchenko,civashchenkomo@wisc.edu
818,Ailyn,Garwell,agarwellmp@ft.com
819,Roxi,Dielhenn,rdielhennmq@dion.ne.jp
820,Blinni,Wagen,bwagenmr@gizmodo.com
821,Almeda,Luto,alutoms@about.me
822,Paxon,Danilovich,pdanilovichmt@nih.gov
823,Levon,Derl,lderlmu@stumbleupon.com
824,Gilemette,Sloane,gsloanemv@usda.gov
825,Rancell,Flitcroft,rflitcroftmw@flickr.com
826,Janek,Rosewall,jrosewallmx@myspace.com
827,Jaclyn,Backes,jbackesmy@ca.gov
828,Rikki,Casetti,rcasettimz@umn.edu
829,Antonina,McPeake,amcpeaken0@nifty.com
830,Cissiee,Rolfe,crolfen1@virginia.edu
831,Cherey,Cobb,ccobbn2@nih.gov
832,Anabal,Kinset,akinsetn3@accuweather.com
833,Shayna,Tiddy,stiddyn4@angelfire.com
834,Phip,Maurice,pmauricen5@addtoany.com
835,Rancell,Latore,rlatoren6@cnbc.com
836,Valery,Gilfoy,vgilfoyn7@dot.gov
837,Cooper,Morrieson,cmorriesonn8@fc2.com
838,Tobit,Marcombe,tmarcomben9@elpais.com
839,Filberto,Smallpeice,fsmallpeicena@wsj.com
840,Colene,Joao,cjoaonb@gmpg.org
841,Carmine,Padgett,cpadgettnc@un.org
842,Brian,Quinnette,bquinnettend@pinterest.com
843,Kenton,Mechi,kmechine@com.com
844,Merrily,Venners,mvennersnf@netvibes.com
845,Walliw,Hainey,whaineyng@go.com
846,Bobbi,D'Costa,bdcostanh@forbes.com
847,Mathe,Dean,mdeanni@squarespace.com
848,Shepherd,Naseby,snasebynj@delicious.com
849,Marne,Colomb,mcolombnk@zimbio.com
850,Pammi,MacNeice,pmacneicenl@baidu.com
851,Gratia,Claypoole,gclaypoolenm@domainmarket.com
852,Karena,Aplin,kaplinnn@blogger.com
853,Orella,Wilbraham,owilbrahamno@squarespace.com
854,Michelle,Malkin,mmalkinnp@epa.gov
855,Denice,Ryott,dryottnq@feedburner.com
856,Hatti,Harrowsmith,hharrowsmithnr@army.mil
857,Jaquenetta,Clemencon,jclemenconns@cdbaby.com
858,Damian,Hanshawe,dhanshawent@miibeian.gov.cn
859,Ross,Bowery,rbowerynu@w3.org
860,Nickie,Cantos,ncantosnv@berkeley.edu
861,Davon,Brandom,dbrandomnw@epa.gov
862,Iosep,Pude,ipudenx@washingtonpost.com
863,Stephenie,Smogur,ssmogurny@ftc.gov
864,Reade,Lipprose,rlipprosenz@dot.gov
865,Urbano,Baumler,ubaumlero0@omniture.com
866,Oona,Yurkevich,oyurkevicho1@seesaa.net
867,Chrystel,Michell,cmichello2@ted.com
868,Cicely,Matuszewski,cmatuszewskio3@prlog.org
869,Syd,Shouler,sshoulero4@noaa.gov
870,Ashly,Glowacha,aglowachao5@utexas.edu
871,Maryanne,Fairchild,mfairchildo6@lulu.com
872,Garry,Convery,gconveryo7@berkeley.edu
873,Janot,Peatheyjohns,jpeatheyjohnso8@gnu.org
874,Laurel,Barnshaw,lbarnshawo9@ow.ly
875,Lowrance,Battin,lbattinoa@usatoday.com
876,Garrett,Kenryd,gkenrydob@free.fr
877,Devan,Hurleston,dhurlestonoc@blog.com
878,Olympe,Dudleston,odudlestonod@blog.com
879,Brianne,Pietrzyk,bpietrzykoe@europa.eu
880,Amil,Portchmouth,aportchmouthof@com.com
881,Thorn,Sealy,tsealyog@fc2.com
882,Simon,Ferriday,sferridayoh@youku.com
883,Jefferey,Kettlestring,jkettlestringoi@google.com.br
884,Karine,Turbat,kturbatoj@answers.com
885,Alissa,Basnett,abasnettok@bizjournals.com
886,Dael,Gingedale,dgingedaleol@fastcompany.com
887,Harp,Blazejewski,hblazejewskiom@washington.edu
888,Carmelina,Eggle,ceggleon@about.com
889,Whitby,Kaliszewski,wkaliszewskioo@omniture.com
890,Sollie,Timothy,stimothyop@networksolutions.com
891,Beltran,LaBastida,blabastidaoq@flickr.com
892,Steffie,Yuille,syuilleor@360.cn
893,Mufi,MacNaughton,mmacnaughtonos@scientificamerican.com
894,Wallie,Mirfin,wmirfinot@xing.com
895,Serena,Milsted,smilstedou@gizmodo.com
896,Lorrie,Martygin,lmartyginov@nih.gov
897,Philis,Nix,pnixow@ox.ac.uk
898,Larry,Thurske,lthurskeox@google.es
899,Alwin,McAlpine,amcalpineoy@npr.org
900,Ruben,Gammons,rgammonsoz@economist.com
901,Mariann,Saphin,msaphinp0@woothemes.com
902,Janean,Burdass,jburdassp1@ovh.net
903,Gallard,Limpertz,glimpertzp2@indiegogo.com
904,Gennie,Dahlberg,gdahlbergp3@plala.or.jp
905,Halsy,Sperrett,hsperrettp4@nytimes.com
906,Lars,Manilove,lmanilovep5@uiuc.edu
907,Salomone,Welfare,swelfarep6@merriam-webster.com
908,Farand,Gronw,fgronwp7@fotki.com
909,Jamaal,Frome,jfromep8@sohu.com
910,Tim,Fedoronko,tfedoronkop9@xing.com
911,Kaylil,Heiden,kheidenpa@tamu.edu
912,Saundra,Kempston,skempstonpb@globo.com
913,Bertina,Sign,bsignpc@sfgate.com
914,Virginie,Dashwood,vdashwoodpd@youku.com
915,Frieda,Gauden,fgaudenpe@flavors.me
916,Dov,Ketchaside,dketchasidepf@yellowpages.com
917,Alard,Borleace,aborleacepg@chicagotribune.com
918,Neilla,McNeilly,nmcneillyph@bluehost.com
919,Franchot,Sinnatt,fsinnattpi@edublogs.org
920,Jacklyn,Schult,jschultpj@nps.gov
921,Roobbie,Desvignes,rdesvignespk@umich.edu
922,Harri,Horder,hhorderpl@admin.ch
923,Laural,Gisbourn,lgisbournpm@umich.edu
924,Wyndham,Volcker,wvolckerpn@techcrunch.com
925,Frank,Kneesha,fkneeshapo@icio.us
926,Stillmann,Basire,sbasirepp@privacy.gov.au
927,Ariana,Froome,afroomepq@ox.ac.uk
928,Therine,Ortner,tortnerpr@reverbnation.com
929,Barrie,Borg-Bartolo,bborgbartolops@salon.com
930,Sande,Brandenberg,sbrandenbergpt@europa.eu
931,Dominick,Podd,dpoddpu@naver.com
932,Jessalyn,Battams,jbattamspv@nature.com
933,Jacquie,Brissenden,jbrissendenpw@narod.ru
934,Quinlan,Trail,qtrailpx@census.gov
935,Tallou,Clawley,tclawleypy@skype.com
936,Sharon,Fergyson,sfergysonpz@fotki.com
937,Dean,Fiddy,dfiddyq0@hubpages.com
938,Jamil,Throssell,jthrossellq1@facebook.com
939,Lena,Kettleson,lkettlesonq2@last.fm
940,Mackenzie,Paish,mpaishq3@cdbaby.com
941,Ricki,Neasam,rneasamq4@newyorker.com
942,Zackariah,Ishak,zishakq5@1und1.de
943,Blythe,McHardy,bmchardyq6@dedecms.com
944,Elvina,Andreolli,eandreolliq7@lycos.com
945,Cordell,Waterhowse,cwaterhowseq8@dyndns.org
946,Phylys,Baumber,pbaumberq9@rakuten.co.jp
947,Eveleen,Schwand,eschwandqa@yelp.com
948,Sheena,Ind,sindqb@squarespace.com
949,Elnora,Stobbe,estobbeqc@privacy.gov.au
950,Egan,Frances,efrancesqd@java.com
951,Baily,Gregoratti,bgregorattiqe@ezinearticles.com
952,Sherlocke,Mobley,smobleyqf@blogs.com
953,Prudy,Morphew,pmorphewqg@ebay.co.uk
954,Sterne,Fennick,sfennickqh@1und1.de
955,Clerc,Sacks,csacksqi@1688.com
956,Caddric,Ciepluch,cciepluchqj@over-blog.com
957,Godfrey,Ravel,gravelqk@purevolume.com
958,Brit,Pickard,bpickardql@delicious.com
959,Ceciley,Whitesel,cwhiteselqm@geocities.jp
960,Blythe,Bondley,bbondleyqn@yellowbook.com
961,Jenica,Stanyer,jstanyerqo@hugedomains.com
962,Erhart,Swatheridge,eswatheridgeqp@bigcartel.com
963,Ronica,Bunker,rbunkerqq@gmpg.org
964,Querida,Linde,qlindeqr@bizjournals.com
965,Nonna,Bohlmann,nbohlmannqs@scientificamerican.com
966,Kiley,Bagnold,kbagnoldqt@yellowpages.com
967,Jolee,Honeyghan,jhoneyghanqu@mail.ru
968,Jarrett,Goodbairn,jgoodbairnqv@barnesandnoble.com
969,Sigmund,Herrero,sherreroqw@comcast.net
970,Rosabel,Maffucci,rmaffucciqx@1688.com
971,Ken,Wipper,kwipperqy@apache.org
972,Frannie,Ferrers,fferrersqz@lulu.com
973,Doralynn,Hovert,dhovertr0@pen.io
974,Alica,Cheng,achengr1@aboutads.info
975,Rafe,Maddock,rmaddockr2@noaa.gov
976,Gillan,Kitman,gkitmanr3@tripadvisor.com
977,Danya,Lyste,dlyster4@themeforest.net
978,Brit,Lightwing,blightwingr5@spiegel.de
979,Candace,Tewkesbury,ctewkesburyr6@marriott.com
980,Teador,Michal,tmichalr7@epa.gov
981,Paige,Burdell,pburdellr8@zimbio.com
982,Alanna,Bickers,abickersr9@desdev.cn
983,Gillie,Wickes,gwickesra@ehow.com
984,Alvy,Lambe,alamberb@1688.com
985,Lonna,Biskupek,lbiskupekrc@upenn.edu
986,De witt,Falkous,dfalkousrd@nhs.uk
987,Eberhard,Crossby,ecrossbyre@hubpages.com
988,Carlita,O'Flaherty,coflahertyrf@cisco.com
989,Anselma,Woodnutt,awoodnuttrg@slideshare.net
990,Marcille,Falks,mfalksrh@shinystat.com
991,Delphinia,Nisuis,dnisuisri@behance.net
992,Kennith,Scamal,kscamalrj@squidoo.com
993,Iorgo,Gillford,igillfordrk@independent.co.uk
994,Verine,Reeken,vreekenrl@amazon.co.uk
995,Patsy,Seldner,pseldnerrm@oakley.com
996,Melisandra,Downey,mdowneyrn@homestead.com
997,Lorens,Bergstram,lbergstramro@sitemeter.com
998,Dougie,Lade,dladerp@jiathis.com
999,Charisse,Colvill,ccolvillrq@examiner.com
1000,Clemmie,Vidyapin,cvidyapinrr@patch.com
